id,correctAnswer
102501,D
102502,A
102503,A
102504,B
102505,A
102506,C
102507,C
102508,C
102509,A
102510,D
102511,A
102512,D
102513,C
102514,A
102515,C
102516,C
102517,A
102518,B
102519,C
102520,A
102521,A
102522,B
102523,C
102524,A
102525,D
102526,C
102527,B
102528,D
102529,B
102530,C
102531,D
102532,D
102533,B
102534,B
102535,A
102536,A
102537,A
102538,A
102539,A
102540,D
102541,B
102542,D
102543,A
102544,A
102545,D
102546,B
102547,D
102548,A
102549,D
102550,C
102551,B
102552,B
102553,A
102554,B
102555,A
102556,B
102557,C
102558,D
102559,C
102560,D
102561,D
102562,D
102563,D
102564,A
102565,B
102566,A
102567,B
102568,D
102569,B
102570,A
102571,B
102572,A
102573,D
102574,B
102575,D
102576,D
102577,D
102578,D
102579,D
102580,C
102581,B
102582,A
102583,C
102584,D
102585,C
102586,D
102587,B
102588,C
102589,D
102590,D
102591,D
102592,A
102593,D
102594,A
102595,B
102596,A
102597,C
102598,B
102599,D
102600,A
102601,B
102602,C
102603,A
102604,C
102605,C
102606,D
102607,D
102608,B
102609,C
102610,B
102611,C
102612,C
102613,D
102614,D
102615,A
102616,B
102617,A
102618,B
102619,C
102620,D
102621,B
102622,C
102623,C
102624,D
102625,D
102626,C
102627,A
102628,C
102629,C
102630,A
102631,B
102632,A
102633,B
102634,C
102635,D
102636,A
102637,A
102638,B
102639,A
102640,D
102641,A
102642,B
102643,A
102644,D
102645,D
102646,A
102647,A
102648,C
102649,C
102650,C
102651,D
102652,D
102653,C
102654,C
102655,B
102656,C
102657,A
102658,A
102659,B
102660,D
102661,B
102662,B
102663,B
102664,B
102665,C
102666,C
102667,A
102668,C
102669,C
102670,D
102671,D
102672,D
102673,B
102674,D
102675,C
102676,B
102677,C
102678,D
102679,A
102680,A
102681,B
102682,C
102683,D
102684,D
102685,C
102686,C
102687,A
102688,C
102689,D
102690,B
102691,A
102692,D
102693,A
102694,B
102695,D
102696,A
102697,B
102698,C
102699,C
102700,D
102701,A
102702,B
102703,B
102704,C
102705,B
102706,C
102707,B
102708,A
102709,A
102710,D
102711,C
102712,B
102713,C
102714,D
102715,D
102716,D
102717,C
102718,C
102719,D
102720,B
102721,D
102722,D
102723,C
102724,A
102725,C
102726,D
102727,A
102728,D
102729,B
102730,C
102731,C
102732,D
102733,C
102734,D
102735,B
102736,C
102737,D
102738,A
102739,B
102740,D
102741,D
102742,A
102743,D
102744,C
102745,C
102746,A
102747,C
102748,C
102749,A
102750,B
102751,D
102752,A
102753,A
102754,B
102755,C
102756,C
102757,A
102758,B
102759,A
102760,C
102761,B
102762,D
102763,D
102764,C
102765,D
102766,D
102767,C
102768,A
102769,D
102770,B
102771,C
102772,A
102773,B
102774,B
102775,A
102776,C
102777,B
102778,D
102779,C
102780,B
102781,D
102782,B
102783,A
102784,B
102785,D
102786,B
102787,A
102788,B
102789,C
102790,B
102791,D
102792,A
102793,D
102794,C
102795,B
102796,C
102797,B
102798,A
102799,B
102800,C
102801,A
102802,B
102803,B
102804,B
102805,C
102806,C
102807,B
102808,C
102809,C
102810,D
102811,B
102812,A
102813,B
102814,A
102815,D
102816,C
102817,D
102818,C
102819,D
102820,D
102821,C
102822,B
102823,D
102824,A
102825,C
102826,B
102827,D
102828,D
102829,B
102830,D
102831,B
102832,A
102833,B
102834,A
102835,D
102836,A
102837,D
102838,C
102839,B
102840,A
102841,B
102842,D
102843,B
102844,D
102845,A
102846,A
102847,A
102848,A
102849,D
102850,B
102851,D
102852,A
102853,D
102854,C
102855,C
102856,A
102857,A
102858,C
102859,C
102860,D
102861,B
102862,D
102863,A
102864,D
102865,A
102866,A
102867,B
102868,D
102869,A
102870,C
102871,D
102872,C
102873,B
102874,D
102875,A
102876,C
102877,B
102878,B
102879,A
102880,C
102881,B
102882,B
102883,B
102884,A
102885,D
102886,A
102887,A
102888,C
102889,C
102890,C
102891,B
102892,A
102893,A
102894,A
102895,C
102896,D
102897,D
102898,D
102899,C
102900,C
102901,A
102902,A
102903,C
102904,B
102905,D
102906,B
102907,A
102908,A
102909,B
102910,A
102911,D
102912,A
102913,A
102914,C
102915,C
102916,D
102917,B
102918,A
102919,B
102920,C
102921,B
102922,A
102923,C
102924,D
102925,C
102926,D
102927,D
102928,D
102929,A
102930,A
102931,A
102932,A
102933,B
102934,A
102935,A
102936,B
102937,A
102938,B
102939,A
102940,B
102941,A
102942,B
102943,B
102944,B
102945,A
102946,B
102947,A
102948,C
102949,B
102950,B
102951,D
102952,D
102953,A
102954,B
102955,A
102956,B
102957,C
102958,D
102959,B
102960,D
102961,D
102962,B
102963,A
102964,B
102965,A
102966,D
102967,B
102968,A
102969,B
102970,A
102971,B
102972,A
102973,B
102974,D
102975,D
102976,C
102977,D
102978,C
102979,A
102980,A
102981,B
102982,A
102983,B
102984,D
102985,A
102986,B
102987,C
102988,C
102989,A
102990,C
102991,C
102992,D
102993,A
102994,D
102995,C
102996,A
102997,A
102998,C
102999,C
103000,A
103001,D
103002,A
103003,C
103004,A
103005,A
103006,B
103007,D
103008,A
103009,B
103010,B
103011,B
103012,B
103013,C
103014,A
103015,A
103016,D
103017,A
103018,D
103019,C
103020,B
103021,A
103022,C
103023,B
103024,B
103025,D
103026,B
103027,A
103028,B
103029,D
103030,C
103031,C
103032,A
103033,A
103034,D
103035,C
103036,C
103037,B
103038,B
103039,C
103040,B
103041,B
103042,D
103043,A
103044,C
103045,C
103046,D
103047,A
103048,A
103049,C
103050,B
103051,C
103052,B
103053,D
103054,B
103055,C
103056,D
103057,D
103058,D
103059,B
103060,C
103061,A
103062,A
103063,C
103064,C
103065,C
103066,A
103067,A
103068,C
103069,C
103070,B
103071,C
103072,D
103073,C
103074,C
103075,C
103076,A
103077,A
103078,B
103079,D
103080,A
103081,C
103082,C
103083,C
103084,D
103085,C
103086,A
103087,D
103088,A
103089,A
103090,B
103091,A
103092,C
103093,D
103094,D
103095,D
103096,D
103097,A
103098,A
103099,B
103100,A
103101,C
103102,D
103103,C
103104,C
103105,D
103106,A
103107,B
103108,D
103109,C
103110,D
103111,C
103112,A
103113,A
103114,C
103115,A
103116,C
103117,B
103118,B
103119,C
103120,B
103121,B
103122,A
103123,D
103124,C
103125,D
103126,A
103127,D
103128,D
103129,D
103130,D
103131,C
103132,D
103133,B
103134,A
103135,B
103136,A
103137,C
103138,C
103139,B
103140,C
103141,C
103142,B
103143,A
103144,D
103145,C
103146,A
103147,B
103148,B
103149,B
103150,C
103151,D
103152,D
103153,C
103154,A
103155,A
103156,B
103157,A
103158,A
103159,A
103160,B
103161,C
103162,D
103163,B
103164,C
103165,C
103166,B
103167,A
103168,D
103169,D
103170,B
103171,D
103172,C
103173,A
103174,C
103175,B
103176,A
103177,A
103178,D
103179,A
103180,D
103181,B
103182,A
103183,B
103184,B
103185,C
103186,C
103187,A
103188,C
103189,A
103190,B
103191,C
103192,A
103193,B
103194,A
103195,C
103196,D
103197,D
103198,C
103199,C
103200,D
103201,C
103202,C
103203,D
103204,A
103205,A
103206,A
103207,C
103208,C
103209,B
103210,D
103211,D
103212,A
103213,B
103214,B
103215,C
103216,C
103217,C
103218,A
103219,A
103220,D
103221,D
103222,A
103223,D
103224,C
103225,B
103226,B
103227,C
103228,A
103229,A
103230,D
103231,B
103232,A
103233,A
103234,B
103235,C
103236,A
103237,B
103238,B
103239,C
103240,C
103241,C
103242,C
103243,D
103244,D
103245,B
103246,A
103247,A
103248,B
103249,A
103250,D
103251,D
103252,A
103253,A
103254,D
103255,A
103256,C
103257,D
103258,D
103259,C
103260,D
103261,A
103262,C
103263,C
103264,D
103265,A
103266,A
103267,D
103268,B
103269,A
103270,A
103271,D
103272,C
103273,D
103274,D
103275,A
103276,C
103277,C
103278,B
103279,D
103280,D
103281,A
103282,A
103283,D
103284,A
103285,D
103286,B
103287,D
103288,B
103289,D
103290,A
103291,D
103292,A
103293,A
103294,A
103295,B
103296,A
103297,D
103298,D
103299,D
103300,A
103301,C
103302,D
103303,C
103304,B
103305,D
103306,B
103307,A
103308,C
103309,D
103310,C
103311,D
103312,A
103313,C
103314,A
103315,B
103316,B
103317,A
103318,D
103319,B
103320,B
103321,A
103322,A
103323,C
103324,D
103325,A
103326,B
103327,C
103328,A
103329,D
103330,D
103331,D
103332,C
103333,A
103334,B
103335,C
103336,C
103337,C
103338,B
103339,B
103340,A
103341,B
103342,A
103343,A
103344,B
103345,A
103346,D
103347,C
103348,B
103349,B
103350,A
103351,C
103352,D
103353,C
103354,B
103355,D
103356,D
103357,A
103358,D
103359,A
103360,D
103361,D
103362,D
103363,A
103364,C
103365,B
103366,C
103367,B
103368,C
103369,A
103370,A
103371,C
103372,D
103373,D
103374,B
103375,B
103376,B
103377,B
103378,A
103379,C
103380,B
103381,C
103382,C
103383,B
103384,C
103385,C
103386,C
103387,D
103388,D
103389,B
103390,A
103391,A
103392,B
103393,C
103394,A
103395,C
103396,B
103397,C
103398,C
103399,C
103400,A
103401,D
103402,D
103403,B
103404,D
103405,B
103406,A
103407,D
103408,A
103409,A
103410,B
103411,B
103412,A
103413,D
103414,C
103415,A
103416,A
103417,B
103418,D
103419,A
103420,B
103421,D
103422,B
103423,D
103424,A
103425,B
103426,D
103427,A
103428,C
103429,D
103430,B
103431,C
103432,A
103433,D
103434,A
103435,B
103436,D
103437,B
103438,D
103439,C
103440,C
103441,A
103442,B
103443,A
103444,B
103445,C
103446,C
103447,A
103448,D
103449,C
103450,B
103451,A
103452,B
103453,A
103454,A
103455,A
103456,D
103457,A
103458,C
103459,D
103460,C
103461,B
103462,A
103463,D
103464,D
103465,C
103466,D
103467,C
103468,C
103469,A
103470,A
103471,C
103472,D
103473,A
103474,D
103475,A
103476,A
103477,B
103478,A
103479,A
103480,D
103481,B
103482,B
103483,A
103484,C
103485,A
103486,B
103487,D
103488,B
103489,B
103490,A
103491,C
103492,A
103493,A
103494,B
103495,C
103496,A
103497,C
103498,B
103499,C
103500,A
103501,D
103502,D
103503,D
103504,C
103505,C
103506,D
103507,D
103508,B
103509,C
103510,D
103511,B
103512,D
103513,B
103514,C
103515,D
103516,C
103517,B
103518,D
103519,C
103520,D
103521,C
103522,B
103523,B
103524,D
103525,B
103526,D
103527,D
103528,B
103529,B
103530,C
103531,A
103532,A
103533,C
103534,B
103535,A
103536,A
103537,D
103538,C
103539,B
103540,C
103541,C
103542,A
103543,D
103544,A
103545,A
103546,D
103547,B
103548,D
103549,D
103550,C
103551,B
103552,C
103553,B
103554,B
103555,C
103556,C
103557,C
103558,C
103559,A
103560,D
103561,A
103562,A
103563,B
103564,B
103565,D
103566,C
103567,C
103568,A
103569,B
103570,D
103571,D
103572,A
103573,B
103574,D
103575,D
103576,B
103577,D
103578,B
103579,D
103580,D
103581,C
103582,B
103583,A
103584,B
103585,C
103586,A
103587,C
103588,A
103589,A
103590,C
103591,C
103592,B
103593,D
103594,C
103595,B
103596,D
103597,C
103598,C
103599,A
103600,C
103601,D
103602,C
103603,D
103604,D
103605,B
103606,A
103607,A
103608,C
103609,D
103610,B
103611,B
103612,A
103613,D
103614,A
103615,A
103616,B
103617,A
103618,C
103619,C
103620,A
103621,A
103622,C
103623,C
103624,D
103625,B
103626,A
103627,C
103628,A
103629,A
103630,B
103631,B
103632,D
103633,B
103634,C
103635,C
103636,A
103637,C
103638,A
103639,D
103640,B
103641,D
103642,D
103643,D
103644,D
103645,D
103646,B
103647,C
103648,D
103649,D
103650,B
103651,D
103652,D
103653,B
103654,C
103655,B
103656,D
103657,A
103658,A
103659,D
103660,C
103661,A
103662,D
103663,C
103664,A
103665,A
103666,C
103667,A
103668,D
103669,C
103670,C
103671,D
103672,D
103673,C
103674,B
103675,D
103676,C
103677,A
103678,B
103679,A
103680,C
103681,B
103682,C
103683,B
103684,D
103685,C
103686,D
103687,C
103688,A
103689,D
103690,D
103691,B
103692,A
103693,D
103694,C
103695,C
103696,D
103697,B
103698,C
103699,D
103700,C
103701,A
103702,C
103703,C
103704,C
103705,B
103706,C
103707,C
103708,C
103709,D
103710,B
103711,A
103712,A
103713,C
103714,C
103715,B
103716,A
103717,C
103718,D
103719,A
103720,A
103721,B
103722,A
103723,A
103724,D
103725,A
103726,D
103727,A
103728,C
103729,D
103730,A
103731,C
103732,B
103733,D
103734,C
103735,B
103736,D
103737,C
103738,A
103739,D
103740,D
103741,C
103742,B
103743,B
103744,C
103745,B
103746,B
103747,B
103748,B
103749,B
103750,D
103751,D
103752,A
103753,D
103754,A
103755,C
103756,D
103757,B
103758,D
103759,C
103760,D
103761,C
103762,D
103763,A
103764,C
103765,C
103766,C
103767,A
103768,C
103769,D
103770,D
103771,C
103772,A
103773,C
103774,B
103775,B
103776,C
103777,C
103778,A
103779,D
103780,D
103781,C
103782,D
103783,A
103784,A
103785,C
103786,C
103787,B
103788,C
103789,A
103790,D
103791,D
103792,A
103793,D
103794,B
103795,B
103796,C
103797,B
103798,A
103799,B
103800,A
103801,C
103802,A
103803,B
103804,B
103805,D
103806,C
103807,B
103808,B
103809,C
103810,C
103811,A
103812,D
103813,D
103814,A
103815,D
103816,B
103817,A
103818,B
103819,B
103820,B
103821,C
103822,D
103823,D
103824,C
103825,D
103826,D
103827,C
103828,D
103829,D
103830,D
103831,B
103832,D
103833,D
103834,C
103835,A
103836,A
103837,A
103838,A
103839,A
103840,A
103841,C
103842,B
103843,A
103844,D
103845,C
103846,B
103847,C
103848,A
103849,A
103850,B
103851,C
103852,C
103853,C
103854,A
103855,B
103856,D
103857,A
103858,D
103859,B
103860,B
103861,D
103862,B
103863,D
103864,B
103865,D
103866,C
103867,D
103868,A
103869,D
103870,B
103871,D
103872,D
103873,A
103874,D
103875,B
103876,D
103877,A
103878,D
103879,C
103880,A
103881,B
103882,C
103883,C
103884,B
103885,D
103886,B
103887,B
103888,B
103889,B
103890,A
103891,B
103892,A
103893,A
103894,B
103895,C
103896,D
103897,A
103898,C
103899,D
103900,D
103901,C
103902,A
103903,B
103904,D
103905,C
103906,C
103907,D
103908,A
103909,A
103910,C
103911,B
103912,D
103913,B
103914,C
103915,C
103916,A
103917,B
103918,A
103919,C
103920,D
103921,D
103922,C
103923,B
103924,C
103925,D
103926,A
103927,A
103928,B
103929,C
103930,B
103931,B
103932,A
103933,B
103934,C
103935,A
103936,A
103937,C
103938,C
103939,C
103940,C
103941,A
103942,B
103943,C
103944,C
103945,C
103946,C
103947,A
103948,C
103949,B
103950,D
103951,B
103952,A
103953,C
103954,D
103955,D
103956,A
103957,C
103958,A
103959,B
103960,A
103961,D
103962,A
103963,C
103964,A
103965,B
103966,B
103967,A
103968,A
103969,D
103970,D
103971,B
103972,B
103973,B
103974,D
103975,D
103976,B
103977,B
103978,C
103979,C
103980,A
103981,D
103982,A
103983,C
103984,C
103985,D
103986,A
103987,B
103988,A
103989,C
103990,C
103991,B
103992,C
103993,B
103994,B
103995,C
103996,C
103997,C
103998,C
103999,C
104000,A
104001,D
104002,C
104003,B
104004,C
104005,C
104006,C
104007,D
104008,D
104009,A
104010,D
104011,D
104012,A
104013,A
104014,D
104015,A
104016,A
104017,A
104018,B
104019,B
104020,A
104021,A
104022,C
104023,C
104024,B
104025,A
104026,B
104027,D
104028,C
104029,D
104030,D
104031,B
104032,D
104033,D
104034,B
104035,A
104036,B
104037,D
104038,B
104039,C
104040,C
104041,C
104042,A
104043,D
104044,C
104045,B
104046,C
104047,B
104048,B
104049,C
104050,C
104051,D
104052,B
104053,B
104054,D
104055,B
104056,D
104057,D
104058,D
104059,C
104060,D
104061,A
104062,D
104063,C
104064,A
104065,A
104066,D
104067,C
104068,B
104069,A
104070,C
104071,D
104072,A
104073,A
104074,B
104075,C
104076,C
104077,B
104078,C
104079,D
104080,C
104081,C
104082,D
104083,B
104084,B
104085,B
104086,D
104087,C
104088,D
104089,D
104090,D
104091,D
104092,B
104093,B
104094,A
104095,B
104096,C
104097,A
104098,D
104099,C
104100,B
104101,B
104102,B
104103,B
104104,A
104105,D
104106,A
104107,D
104108,A
104109,C
104110,A
104111,A
104112,D
104113,A
104114,D
104115,A
104116,C
104117,D
104118,D
104119,B
104120,C
104121,C
104122,D
104123,A
104124,D
104125,D
104126,B
104127,A
104128,D
104129,D
104130,D
104131,D
104132,A
104133,D
104134,A
104135,D
104136,D
104137,A
104138,C
104139,B
104140,C
104141,A
104142,C
104143,B
104144,C
104145,B
104146,A
104147,B
104148,D
104149,C
104150,D
104151,C
104152,B
104153,C
104154,A
104155,A
104156,A
104157,C
104158,A
104159,C
104160,D
104161,A
104162,A
104163,A
104164,D
104165,D
104166,C
104167,B
104168,C
104169,A
104170,A
104171,C
104172,C
104173,A
104174,D
104175,C
104176,C
104177,D
104178,B
104179,C
104180,A
104181,A
104182,C
104183,A
104184,C
104185,A
104186,A
104187,C
104188,C
104189,B
104190,A
104191,D
104192,D
104193,D
104194,B
104195,D
104196,D
104197,A
104198,A
104199,A
104200,C
104201,D
104202,C
104203,C
104204,C
104205,D
104206,B
104207,D
104208,C
104209,C
104210,C
104211,B
104212,A
104213,D
104214,A
104215,B
104216,C
104217,B
104218,B
104219,B
104220,A
104221,A
104222,D
104223,B
104224,C
104225,B
104226,A
104227,D
104228,D
104229,A
104230,B
104231,C
104232,B
104233,B
104234,C
104235,C
104236,B
104237,B
104238,C
104239,C
104240,C
104241,B
104242,D
104243,C
104244,C
104245,D
104246,A
104247,C
104248,A
104249,B
104250,D
104251,B
104252,C
104253,C
104254,C
104255,C
104256,C
104257,C
104258,A
104259,A
104260,A
104261,B
104262,D
104263,A
104264,D
104265,C
104266,B
104267,A
104268,D
104269,C
104270,D
104271,C
104272,A
104273,D
104274,A
104275,A
104276,B
104277,A
104278,D
104279,C
104280,C
104281,A
104282,B
104283,B
104284,D
104285,D
104286,B
104287,A
104288,B
104289,A
104290,C
104291,B
104292,B
104293,B
104294,D
104295,C
104296,D
104297,B
104298,A
104299,C
104300,A
104301,C
104302,B
104303,A
104304,C
104305,C
104306,D
104307,B
104308,C
104309,B
104310,A
104311,D
104312,C
104313,A
104314,C
104315,C
104316,A
104317,D
104318,A
104319,C
104320,B
104321,B
104322,D
104323,D
104324,B
104325,C
104326,A
104327,B
104328,A
104329,D
104330,A
104331,D
104332,C
104333,D
104334,C
104335,C
104336,C
104337,D
104338,D
104339,C
104340,A
104341,B
104342,D
104343,D
104344,B
104345,C
104346,C
104347,A
104348,A
104349,D
104350,D
104351,C
104352,D
104353,A
104354,B
104355,B
104356,B
104357,D
104358,C
104359,D
104360,B
104361,B
104362,D
104363,B
104364,B
104365,A
104366,B
104367,D
104368,C
104369,B
104370,D
104371,C
104372,D
104373,C
104374,D
104375,B
104376,B
104377,C
104378,C
104379,A
104380,C
104381,A
104382,B
104383,A
104384,D
104385,D
104386,D
104387,D
104388,C
104389,D
104390,A
104391,A
104392,B
104393,C
104394,D
104395,A
104396,D
104397,D
104398,C
104399,D
104400,C
104401,C
104402,D
104403,D
104404,D
104405,A
104406,B
104407,B
104408,A
104409,A
104410,D
104411,D
104412,C
104413,A
104414,C
104415,D
104416,B
104417,D
104418,A
104419,C
104420,A
104421,B
104422,C
104423,D
104424,A
104425,C
104426,D
104427,A
104428,D
104429,A
104430,A
104431,D
104432,D
104433,B
104434,A
104435,D
104436,B
104437,C
104438,B
104439,D
104440,A
104441,A
104442,C
104443,B
104444,A
104445,B
104446,B
104447,C
104448,A
104449,A
104450,B
104451,D
104452,A
104453,D
104454,D
104455,A
104456,B
104457,A
104458,B
104459,D
104460,A
104461,B
104462,B
104463,C
104464,C
104465,C
104466,D
104467,C
104468,B
104469,C
104470,D
104471,C
104472,C
104473,D
104474,B
104475,C
104476,B
104477,B
104478,C
104479,D
104480,C
104481,B
104482,D
104483,B
104484,D
104485,A
104486,C
104487,D
104488,D
104489,D
104490,D
104491,C
104492,B
104493,C
104494,C
104495,D
104496,A
104497,D
104498,D
104499,C
104500,D
104501,D
104502,D
104503,D
104504,B
104505,B
104506,C
104507,C
104508,D
104509,B
104510,C
104511,A
104512,B
104513,D
104514,B
104515,D
104516,A
104517,D
104518,B
104519,D
104520,B
104521,B
104522,A
104523,A
104524,A
104525,A
104526,A
104527,D
104528,B
104529,B
104530,A
104531,B
104532,D
104533,A
104534,A
104535,C
104536,A
104537,D
104538,D
104539,D
104540,B
104541,D
104542,B
104543,C
104544,A
104545,C
104546,B
104547,A
104548,C
104549,C
104550,B
104551,A
104552,C
104553,D
104554,C
104555,C
104556,A
104557,D
104558,C
104559,D
104560,B
104561,D
104562,A
104563,D
104564,A
104565,B
104566,A
104567,D
104568,C
104569,A
104570,C
104571,B
104572,D
104573,D
104574,B
104575,B
104576,D
104577,C
104578,C
104579,C
104580,B
104581,C
104582,D
104583,C
104584,B
104585,A
104586,C
104587,D
104588,A
104589,D
104590,D
104591,C
104592,A
104593,A
104594,D
104595,B
104596,D
104597,D
104598,B
104599,D
104600,A
104601,A
104602,D
104603,D
104604,C
104605,D
104606,C
104607,D
104608,B
104609,B
104610,B
104611,D
104612,A
104613,D
104614,D
104615,B
104616,A
104617,D
104618,C
104619,A
104620,D
104621,B
104622,A
104623,A
104624,D
104625,D
104626,A
104627,C
104628,D
104629,B
104630,C
104631,B
104632,D
104633,C
104634,A
104635,B
104636,A
104637,A
104638,B
104639,A
104640,D
104641,D
104642,C
104643,D
104644,B
104645,D
104646,B
104647,B
104648,D
104649,C
104650,A
104651,B
104652,A
104653,D
104654,D
104655,C
104656,D
104657,B
104658,D
104659,C
104660,C
104661,D
104662,D
104663,A
104664,A
104665,C
104666,C
104667,D
104668,C
104669,B
104670,B
104671,C
104672,B
104673,D
104674,A
104675,D
104676,C
104677,C
104678,A
104679,D
104680,A
104681,D
104682,D
104683,D
104684,A
104685,C
104686,A
104687,D
104688,C
104689,C
104690,B
104691,C
104692,B
104693,A
104694,D
104695,B
104696,C
104697,A
104698,C
104699,A
104700,C
104701,D
104702,A
104703,B
104704,D
104705,C
104706,A
104707,A
104708,D
104709,C
104710,C
104711,D
104712,B
104713,B
104714,C
104715,C
104716,A
104717,A
104718,B
104719,A
104720,B
104721,D
104722,B
104723,B
104724,C
104725,D
104726,D
104727,D
104728,A
104729,C
104730,D
104731,C
104732,B
104733,C
104734,B
104735,A
104736,A
104737,B
104738,D
104739,D
104740,B
104741,A
104742,D
104743,A
104744,B
104745,B
104746,C
104747,B
104748,B
104749,A
104750,B
104751,D
104752,B
104753,C
104754,B
104755,B
104756,D
104757,B
104758,A
104759,C
104760,C
104761,A
104762,A
104763,B
104764,D
104765,A
104766,D
104767,D
104768,B
104769,A
104770,D
104771,D
104772,A
104773,A
104774,A
104775,C
104776,C
104777,C
104778,D
104779,D
104780,C
104781,C
104782,A
104783,A
104784,B
104785,A
104786,A
104787,D
104788,D
104789,A
104790,C
104791,D
104792,D
104793,D
104794,C
104795,A
104796,C
104797,C
104798,D
104799,C
104800,D
104801,D
104802,A
104803,A
104804,C
104805,C
104806,C
104807,A
104808,A
104809,A
104810,B
104811,A
104812,B
104813,A
104814,C
104815,B
104816,C
104817,A
104818,A
104819,B
104820,B
104821,D
104822,C
104823,A
104824,D
104825,C
104826,D
104827,C
104828,C
104829,C
104830,C
104831,A
104832,A
104833,B
104834,C
104835,A
104836,C
104837,A
104838,A
104839,D
104840,D
104841,C
104842,C
104843,B
104844,C
104845,D
104846,D
104847,C
104848,A
104849,C
104850,A
104851,D
104852,B
104853,B
104854,B
104855,C
104856,B
104857,A
104858,C
104859,A
104860,D
104861,B
104862,B
104863,B
104864,D
104865,C
104866,D
104867,B
104868,C
104869,B
104870,C
104871,A
104872,A
104873,A
104874,D
104875,C
104876,A
104877,D
104878,C
104879,A
104880,A
104881,C
104882,D
104883,B
104884,B
104885,A
104886,A
104887,B
104888,C
104889,A
104890,A
104891,B
104892,C
104893,C
104894,D
104895,B
104896,B
104897,B
104898,D
104899,D
104900,D
104901,B
104902,D
104903,B
104904,B
104905,A
104906,D
104907,B
104908,D
104909,C
104910,C
104911,C
104912,D
104913,C
104914,C
104915,C
104916,D
104917,B
104918,B
104919,B
104920,C
104921,B
104922,A
104923,B
104924,D
104925,A
104926,B
104927,C
104928,A
104929,A
104930,D
104931,A
104932,B
104933,D
104934,C
104935,D
104936,C
104937,B
104938,B
104939,A
104940,A
104941,A
104942,D
104943,A
104944,B
104945,A
104946,B
104947,A
104948,D
104949,B
104950,C
104951,B
104952,D
104953,D
104954,C
104955,C
104956,C
104957,A
104958,C
104959,A
104960,B
104961,C
104962,A
104963,D
104964,D
104965,D
104966,D
104967,D
104968,D
104969,A
104970,C
104971,D
104972,B
104973,B
104974,C
104975,C
104976,A
104977,B
104978,C
104979,D
104980,C
104981,A
104982,A
104983,D
104984,B
104985,C
104986,A
104987,D
104988,D
104989,D
104990,D
104991,D
104992,C
104993,D
104994,A
104995,A
104996,B
104997,D
104998,A
104999,B
105000,D
105001,B
105002,A
105003,C
105004,A
105005,B
105006,D
105007,C
105008,C
105009,B
105010,D
105011,D
105012,C
105013,A
105014,C
105015,B
105016,B
105017,A
105018,A
105019,B
105020,A
105021,A
105022,B
105023,B
105024,D
105025,C
105026,B
105027,D
105028,A
105029,D
105030,D
105031,B
105032,A
105033,D
105034,C
105035,A
105036,B
105037,B
105038,B
105039,A
105040,C
105041,C
105042,B
105043,D
105044,A
105045,A
105046,C
105047,D
105048,C
105049,B
105050,C
105051,D
105052,C
105053,C
105054,A
105055,B
105056,C
105057,D
105058,D
105059,C
105060,C
105061,D
105062,B
105063,B
105064,A
105065,C
105066,D
105067,A
105068,D
105069,B
105070,B
105071,D
105072,D
105073,D
105074,C
105075,C
105076,B
105077,B
105078,A
105079,D
105080,D
105081,C
105082,B
105083,C
105084,C
105085,C
105086,A
105087,A
105088,C
105089,D
105090,D
105091,A
105092,C
105093,D
105094,B
105095,A
105096,B
105097,C
105098,C
105099,A
105100,A
105101,B
105102,C
105103,D
105104,C
105105,C
105106,C
105107,B
105108,B
105109,B
105110,A
105111,D
105112,D
105113,C
105114,A
105115,D
105116,C
105117,C
105118,B
105119,D
105120,A
105121,A
105122,B
105123,C
105124,B
105125,D
105126,B
105127,B
105128,C
105129,B
105130,B
105131,C
105132,A
105133,A
105134,C
105135,B
105136,B
105137,B
105138,A
105139,C
105140,C
105141,B
105142,A
105143,D
105144,D
105145,B
105146,C
105147,C
105148,B
105149,A
105150,B
105151,A
105152,A
105153,A
105154,B
105155,C
105156,B
105157,B
105158,B
105159,B
105160,B
105161,C
105162,A
105163,A
105164,A
105165,B
105166,A
105167,C
105168,B
105169,D
105170,A
105171,B
105172,D
105173,D
105174,C
105175,D
105176,D
105177,C
105178,C
105179,A
105180,A
105181,D
105182,C
105183,A
105184,D
105185,D
105186,C
105187,A
105188,A
105189,A
105190,A
105191,C
105192,C
105193,C
105194,C
105195,B
105196,A
105197,C
105198,C
105199,A
105200,A
105201,A
105202,B
105203,C
105204,D
105205,D
105206,C
105207,C
105208,A
105209,B
105210,C
105211,D
105212,D
105213,B
105214,A
105215,C
105216,D
105217,D
105218,A
105219,D
105220,C
105221,B
105222,D
105223,B
105224,B
105225,A
105226,A
105227,D
105228,D
105229,D
105230,B
105231,B
105232,C
105233,D
105234,B
105235,B
105236,C
105237,C
105238,A
105239,B
105240,D
105241,B
105242,B
105243,A
105244,A
105245,B
105246,D
105247,C
105248,A
105249,A
105250,B
105251,C
105252,A
105253,A
105254,D
105255,C
105256,B
105257,A
105258,A
105259,D
105260,D
105261,D
105262,D
105263,B
105264,A
105265,A
105266,A
105267,C
105268,D
105269,A
105270,C
105271,D
105272,D
105273,D
105274,C
105275,C
105276,C
105277,A
105278,C
105279,C
105280,B
105281,A
105282,B
105283,A
105284,D
105285,B
105286,B
105287,D
105288,C
105289,B
105290,C
105291,A
105292,A
105293,A
105294,A
105295,B
105296,C
105297,A
105298,C
105299,C
105300,C
105301,A
105302,D
105303,A
105304,C
105305,D
105306,B
105307,C
105308,C
105309,D
105310,B
105311,D
105312,A
105313,A
105314,B
105315,B
105316,A
105317,D
105318,B
105319,B
105320,D
105321,D
105322,B
105323,D
105324,D
105325,B
105326,A
105327,C
105328,B
105329,B
105330,A
105331,A
105332,C
105333,C
105334,C
105335,D
105336,B
105337,D
105338,B
105339,B
105340,A
105341,A
105342,A
105343,D
105344,D
105345,D
105346,A
105347,A
105348,B
105349,D
105350,C
105351,C
105352,B
105353,A
105354,D
105355,B
105356,B
105357,D
105358,B
105359,A
105360,D
105361,B
105362,A
105363,C
105364,A
105365,C
105366,B
105367,D
105368,D
105369,D
105370,C
105371,C
105372,B
105373,C
105374,B
105375,C
105376,B
105377,C
105378,B
105379,B
105380,C
105381,B
105382,B
105383,C
105384,D
105385,B
105386,B
105387,B
105388,C
105389,B
105390,C
105391,C
105392,C
105393,C
105394,C
105395,D
105396,A
105397,B
105398,D
105399,A
105400,B
105401,C
105402,A
105403,D
105404,D
105405,A
105406,B
105407,C
105408,A
105409,B
105410,A
105411,D
105412,C
105413,A
105414,B
105415,A
105416,B
105417,C
105418,D
105419,D
105420,C
105421,A
105422,A
105423,D
105424,D
105425,A
105426,B
105427,C
105428,B
105429,D
105430,C
105431,B
105432,A
105433,A
105434,D
105435,A
105436,B
105437,B
105438,D
105439,D
105440,B
105441,A
105442,A
105443,C
105444,C
105445,C
105446,D
105447,D
105448,C
105449,D
105450,A
105451,D
105452,C
105453,B
105454,A
105455,A
105456,D
105457,C
105458,C
105459,B
105460,D
105461,A
105462,D
105463,A
105464,A
105465,D
105466,D
105467,C
105468,B
105469,A
105470,A
105471,D
105472,D
105473,A
105474,A
105475,A
105476,C
105477,B
105478,B
105479,C
105480,D
105481,B
105482,C
105483,A
105484,C
105485,D
105486,D
105487,C
105488,D
105489,A
105490,D
105491,C
105492,D
105493,A
105494,A
105495,A
105496,D
105497,D
105498,C
105499,B
105500,B
105501,D
105502,B
105503,A
105504,C
105505,B
105506,A
105507,A
105508,B
105509,C
105510,D
105511,B
105512,D
105513,D
105514,D
105515,B
105516,C
105517,A
105518,D
105519,B
105520,C
105521,C
105522,C
105523,C
105524,B
105525,A
105526,A
105527,D
105528,A
105529,D
105530,A
105531,A
105532,D
105533,C
105534,A
105535,D
105536,C
105537,D
105538,C
105539,B
105540,B
105541,C
105542,C
105543,A
105544,C
105545,A
105546,C
105547,D
105548,D
105549,A
105550,B
105551,C
105552,C
105553,D
105554,D
105555,B
105556,D
105557,C
105558,B
105559,D
105560,B
105561,A
105562,B
105563,B
105564,D
105565,D
105566,B
105567,C
105568,D
105569,D
105570,D
105571,A
105572,B
105573,A
105574,C
105575,C
105576,D
105577,D
105578,B
105579,B
105580,C
105581,A
105582,C
105583,D
105584,A
105585,B
105586,B
105587,B
105588,B
105589,A
105590,B
105591,A
105592,C
105593,D
105594,C
105595,B
105596,C
105597,A
105598,D
105599,A
105600,B
105601,C
105602,A
105603,C
105604,C
105605,C
105606,B
105607,D
105608,B
105609,C
105610,B
105611,C
105612,A
105613,C
105614,C
105615,C
105616,A
105617,A
105618,C
105619,C
105620,C
105621,B
105622,B
105623,C
105624,A
105625,B
105626,B
105627,B
105628,B
105629,C
105630,C
105631,D
105632,A
105633,B
105634,B
105635,D
105636,A
105637,B
105638,D
105639,A
105640,A
105641,B
105642,B
105643,D
105644,D
105645,B
105646,A
105647,C
105648,A
105649,B
105650,A
105651,A
105652,D
105653,A
105654,C
105655,A
105656,D
105657,D
105658,B
105659,A
105660,A
105661,C
105662,D
105663,B
105664,D
105665,C
105666,B
105667,A
105668,D
105669,B
105670,B
105671,B
105672,B
105673,A
105674,B
105675,A
105676,B
105677,D
105678,B
105679,B
105680,B
105681,D
105682,A
105683,C
105684,A
105685,D
105686,D
105687,A
105688,B
105689,D
105690,D
105691,A
105692,D
105693,C
105694,C
105695,A
105696,A
105697,C
105698,A
105699,D
105700,A
105701,B
105702,C
105703,D
105704,C
105705,D
105706,C
105707,D
105708,A
105709,B
105710,C
105711,D
105712,C
105713,C
105714,B
105715,A
105716,D
105717,B
105718,A
105719,B
105720,A
105721,B
105722,B
105723,B
105724,C
105725,D
105726,A
105727,B
105728,D
105729,D
105730,A
105731,C
105732,A
105733,A
105734,A
105735,B
105736,B
105737,D
105738,D
105739,C
105740,C
105741,B
105742,D
105743,D
105744,C
105745,B
105746,A
105747,C
105748,B
105749,C
105750,B
105751,B
105752,D
105753,D
105754,C
105755,C
105756,A
105757,D
105758,B
105759,C
105760,D
105761,D
105762,A
105763,B
105764,C
105765,B
105766,D
105767,C
105768,B
105769,C
105770,D
105771,A
105772,A
105773,B
105774,C
105775,C
105776,B
105777,D
105778,B
105779,C
105780,B
105781,B
105782,A
105783,B
105784,B
105785,D
105786,B
105787,B
105788,D
105789,C
105790,C
105791,D
105792,B
105793,C
105794,B
105795,B
105796,D
105797,C
105798,D
105799,B
105800,A
105801,A
105802,B
105803,C
105804,A
105805,A
105806,B
105807,B
105808,B
105809,A
105810,A
105811,C
105812,B
105813,C
105814,A
105815,C
105816,D
105817,C
105818,C
105819,D
105820,A
105821,C
105822,D
105823,D
105824,D
105825,B
105826,C
105827,B
105828,B
105829,C
105830,B
105831,C
105832,C
105833,B
105834,A
105835,D
105836,A
105837,A
105838,C
105839,C
105840,B
105841,B
105842,D
105843,C
105844,D
105845,D
105846,D
105847,D
105848,A
105849,C
105850,C
105851,A
105852,D
105853,A
105854,A
105855,C
105856,B
105857,D
105858,C
105859,A
105860,A
105861,B
105862,A
105863,B
105864,B
105865,D
105866,D
105867,C
105868,A
105869,C
105870,B
105871,B
105872,C
105873,A
105874,B
105875,A
105876,A
105877,B
105878,D
105879,B
105880,D
105881,B
105882,C
105883,D
105884,D
105885,C
105886,D
105887,A
105888,A
105889,B
105890,A
105891,C
105892,A
105893,D
105894,B
105895,B
105896,A
105897,D
105898,B
105899,D
105900,A
105901,B
105902,A
105903,A
105904,C
105905,D
105906,C
105907,D
105908,C
105909,C
105910,C
105911,D
105912,B
105913,D
105914,A
105915,B
105916,C
105917,B
105918,B
105919,D
105920,A
105921,B
105922,D
105923,D
105924,A
105925,A
105926,B
105927,B
105928,B
105929,D
105930,D
105931,C
105932,C
105933,B
105934,C
105935,A
105936,D
105937,C
105938,D
105939,D
105940,C
105941,A
105942,A
105943,A
105944,C
105945,D
105946,C
105947,C
105948,C
105949,D
105950,C
105951,A
105952,C
105953,D
105954,B
105955,B
105956,B
105957,C
105958,D
105959,D
105960,D
105961,A
105962,D
105963,D
105964,C
105965,C
105966,A
105967,D
105968,C
105969,B
105970,D
105971,B
105972,C
105973,D
105974,B
105975,C
105976,A
105977,A
105978,C
105979,B
105980,D
105981,B
105982,C
105983,A
105984,B
105985,D
105986,D
105987,A
105988,C
105989,C
105990,C
105991,A
105992,A
105993,A
105994,A
105995,C
105996,C
105997,B
105998,B
105999,A
106000,C
106001,A
106002,A
106003,A
106004,A
106005,B
106006,A
106007,C
106008,D
106009,C
106010,A
106011,A
106012,D
106013,D
106014,D
106015,D
106016,A
106017,C
106018,C
106019,B
106020,A
106021,A
106022,A
106023,D
106024,D
106025,C
106026,C
106027,B
106028,C
106029,D
106030,D
106031,B
106032,C
106033,B
106034,C
106035,A
106036,C
106037,B
106038,D
106039,A
106040,A
106041,B
106042,C
106043,C
106044,C
106045,C
106046,D
106047,C
106048,C
106049,A
106050,D
106051,D
106052,A
106053,C
106054,C
106055,D
106056,A
106057,B
106058,B
106059,C
106060,C
106061,D
106062,B
106063,D
106064,A
106065,B
106066,A
106067,D
106068,D
106069,C
106070,C
106071,A
106072,A
106073,A
106074,C
106075,D
106076,D
106077,C
106078,D
106079,B
106080,C
106081,A
106082,B
106083,B
106084,B
106085,C
106086,D
106087,A
106088,D
106089,D
106090,C
106091,A
106092,C
106093,B
106094,D
106095,B
106096,A
106097,B
106098,C
106099,D
106100,B
106101,C
106102,A
106103,B
106104,A
106105,D
106106,B
106107,B
106108,A
106109,A
106110,C
106111,A
106112,A
106113,A
106114,B
106115,C
106116,A
106117,A
106118,B
106119,C
106120,D
106121,A
106122,B
106123,D
106124,A
106125,B
106126,D
106127,B
106128,A
106129,A
106130,A
106131,A
106132,C
106133,C
106134,D
106135,B
106136,C
106137,A
106138,D
106139,C
106140,C
106141,D
106142,A
106143,A
106144,C
106145,B
106146,C
106147,D
106148,D
106149,C
106150,B
106151,A
106152,B
106153,C
106154,C
106155,B
106156,A
106157,B
106158,B
106159,A
106160,B
106161,A
106162,B
106163,D
106164,A
106165,A
106166,A
106167,C
106168,D
106169,C
106170,B
106171,A
106172,D
106173,A
106174,B
106175,B
106176,A
106177,D
106178,A
106179,A
106180,B
106181,D
106182,B
106183,A
106184,D
106185,B
106186,C
106187,A
106188,D
106189,B
106190,D
106191,C
106192,A
106193,D
106194,A
106195,B
106196,B
106197,D
106198,B
106199,B
106200,A
106201,D
106202,C
106203,C
106204,C
106205,A
106206,A
106207,A
106208,C
106209,A
106210,B
106211,C
106212,C
106213,C
106214,D
106215,B
106216,D
106217,C
106218,A
106219,C
106220,A
106221,C
106222,D
106223,C
106224,A
106225,A
106226,D
106227,B
106228,B
106229,D
106230,D
106231,A
106232,D
106233,D
106234,A
106235,A
106236,B
106237,A
106238,C
106239,A
106240,B
106241,A
106242,D
106243,D
106244,C
106245,A
106246,C
106247,B
106248,D
106249,B
106250,A
106251,D
106252,C
106253,A
106254,C
106255,A
106256,C
106257,A
106258,D
106259,A
106260,D
106261,C
106262,D
106263,B
106264,D
106265,B
106266,B
106267,A
106268,C
106269,B
106270,A
106271,A
106272,C
106273,C
106274,B
106275,D
106276,C
106277,D
106278,A
106279,B
106280,A
106281,B
106282,B
106283,D
106284,C
106285,B
106286,C
106287,C
106288,A
106289,D
106290,C
106291,C
106292,B
106293,C
106294,B
106295,D
106296,B
106297,D
106298,A
106299,A
106300,B
106301,B
106302,C
106303,B
106304,B
106305,A
106306,D
106307,D
106308,C
106309,D
106310,B
106311,B
106312,D
106313,A
106314,B
106315,C
106316,D
106317,C
106318,B
106319,D
106320,A
106321,C
106322,A
106323,B
106324,C
106325,B
106326,A
106327,D
106328,D
106329,B
106330,C
106331,A
106332,A
106333,B
106334,C
106335,A
106336,C
106337,C
106338,D
106339,B
106340,B
106341,D
106342,C
106343,A
106344,D
106345,C
106346,D
106347,A
106348,B
106349,C
106350,D
106351,B
106352,D
106353,D
106354,D
106355,A
106356,D
106357,A
106358,A
106359,D
106360,B
106361,D
106362,B
106363,C
106364,A
106365,D
106366,A
106367,B
106368,A
106369,D
106370,D
106371,A
106372,B
106373,D
106374,B
106375,D
106376,D
106377,C
106378,A
106379,C
106380,B
106381,C
106382,D
106383,B
106384,C
106385,B
106386,A
106387,C
106388,D
106389,B
106390,D
106391,A
106392,D
106393,C
106394,A
106395,A
106396,D
106397,C
106398,D
106399,D
106400,D
106401,C
106402,D
106403,A
106404,C
106405,A
106406,B
106407,C
106408,B
106409,A
106410,B
106411,A
106412,A
106413,C
106414,B
106415,B
106416,A
106417,A
106418,C
106419,B
106420,C
106421,D
106422,A
106423,A
106424,A
106425,B
106426,A
106427,D
106428,A
106429,A
106430,D
106431,B
106432,A
106433,B
106434,C
106435,A
106436,B
106437,A
106438,A
106439,B
106440,C
106441,A
106442,D
106443,B
106444,D
106445,D
106446,C
106447,A
106448,B
106449,B
106450,B
106451,C
106452,C
106453,C
106454,D
106455,C
106456,A
106457,C
106458,A
106459,D
106460,B
106461,B
106462,D
106463,A
106464,A
106465,B
106466,A
106467,B
106468,B
106469,C
106470,B
106471,B
106472,B
106473,D
106474,D
106475,A
106476,D
106477,A
106478,D
106479,D
106480,A
106481,B
106482,C
106483,C
106484,A
106485,D
106486,D
106487,C
106488,C
106489,D
106490,B
106491,A
106492,A
106493,B
106494,B
106495,D
106496,D
106497,A
106498,B
106499,B
106500,A
106501,B
106502,D
106503,A
106504,D
106505,B
106506,C
106507,B
106508,B
106509,B
106510,B
106511,A
106512,D
106513,D
106514,D
106515,D
106516,C
106517,D
106518,A
106519,C
106520,D
106521,A
106522,D
106523,C
106524,A
106525,C
106526,B
106527,A
106528,D
106529,C
106530,A
106531,A
106532,D
106533,A
106534,B
106535,B
106536,A
106537,D
106538,A
106539,C
106540,D
106541,A
106542,B
106543,C
106544,D
106545,A
106546,B
106547,A
106548,A
106549,A
106550,D
106551,A
106552,A
106553,D
106554,B
106555,A
106556,A
106557,C
106558,C
106559,D
106560,D
106561,C
106562,C
106563,A
106564,B
106565,D
106566,A
106567,D
106568,C
106569,A
106570,B
106571,C
106572,A
106573,A
106574,B
106575,A
106576,D
106577,D
106578,B
106579,A
106580,A
106581,D
106582,D
106583,A
106584,D
106585,A
106586,C
106587,A
106588,B
106589,A
106590,D
106591,C
106592,A
106593,A
106594,C
106595,B
106596,C
106597,D
106598,B
106599,B
106600,D
106601,C
106602,D
106603,C
106604,B
106605,D
106606,B
106607,D
106608,D
106609,A
106610,C
106611,B
106612,B
106613,A
106614,B
106615,C
106616,A
106617,C
106618,A
106619,C
106620,B
106621,C
106622,A
106623,B
106624,C
106625,A
106626,B
106627,B
106628,C
106629,D
106630,A
106631,C
106632,C
106633,A
106634,B
106635,A
106636,D
106637,A
106638,C
106639,A
106640,D
106641,D
106642,D
106643,C
106644,A
106645,D
106646,C
106647,A
106648,A
106649,A
106650,D
106651,A
106652,A
106653,A
106654,D
106655,B
106656,A
106657,B
106658,A
106659,B
106660,A
106661,C
106662,B
106663,A
106664,D
106665,C
106666,D
106667,D
106668,D
106669,D
106670,A
106671,D
106672,B
106673,B
106674,C
106675,C
106676,A
106677,C
106678,A
106679,A
106680,A
106681,A
106682,D
106683,D
106684,D
106685,D
106686,B
106687,C
106688,B
106689,A
106690,B
106691,B
106692,C
106693,B
106694,A
106695,C
106696,B
106697,D
106698,D
106699,D
106700,C
106701,B
106702,C
106703,D
106704,C
106705,B
106706,C
106707,A
106708,B
106709,A
106710,A
106711,C
106712,C
106713,A
106714,D
106715,D
106716,C
106717,A
106718,A
106719,C
106720,B
106721,A
106722,B
106723,D
106724,A
106725,B
106726,A
106727,A
106728,B
106729,B
106730,D
106731,A
106732,B
106733,C
106734,B
106735,C
106736,B
106737,B
106738,A
106739,B
106740,D
106741,B
106742,D
106743,B
106744,A
106745,B
106746,B
106747,D
106748,B
106749,D
106750,A
106751,D
106752,C
106753,A
106754,C
106755,D
106756,A
106757,A
106758,C
106759,A
106760,C
106761,C
106762,D
106763,D
106764,A
106765,D
106766,A
106767,A
106768,A
106769,A
106770,A
106771,D
106772,B
106773,B
106774,D
106775,A
106776,B
106777,B
106778,A
106779,D
106780,A
106781,B
106782,D
106783,B
106784,B
106785,C
106786,B
106787,B
106788,A
106789,B
106790,D
106791,C
106792,B
106793,B
106794,A
106795,C
106796,C
106797,B
106798,A
106799,D
106800,A
106801,D
106802,B
106803,C
106804,D
106805,C
106806,B
106807,B
106808,A
106809,B
106810,C
106811,D
106812,C
106813,B
106814,A
106815,B
106816,B
106817,B
106818,D
106819,D
106820,D
106821,D
106822,A
106823,C
106824,D
106825,C
106826,A
106827,C
106828,D
106829,A
106830,A
106831,B
106832,A
106833,D
106834,C
106835,B
106836,D
106837,C
106838,C
106839,D
106840,D
106841,D
106842,D
106843,A
106844,D
106845,D
106846,D
106847,A
106848,A
106849,D
106850,B
106851,A
106852,B
106853,D
106854,D
106855,C
106856,A
106857,C
106858,C
106859,C
106860,A
106861,C
106862,C
106863,B
106864,C
106865,C
106866,C
106867,C
106868,B
106869,B
106870,B
106871,B
106872,A
106873,D
106874,A
106875,D
106876,D
106877,B
106878,B
106879,C
106880,C
106881,D
106882,C
106883,D
106884,D
106885,C
106886,A
106887,D
106888,B
106889,B
106890,C
106891,A
106892,C
106893,D
106894,C
106895,C
106896,C
106897,C
106898,C
106899,C
106900,C
106901,A
106902,D
106903,A
106904,A
106905,B
106906,C
106907,B
106908,A
106909,B
106910,C
106911,D
106912,D
106913,A
106914,D
106915,B
106916,C
106917,D
106918,D
106919,C
106920,D
106921,A
106922,D
106923,C
106924,C
106925,C
106926,C
106927,D
106928,A
106929,C
106930,B
106931,C
106932,C
106933,A
106934,A
106935,A
106936,B
106937,B
106938,A
106939,D
106940,D
106941,C
106942,A
106943,D
106944,C
106945,C
106946,D
106947,C
106948,C
106949,C
106950,A
106951,D
106952,A
106953,A
106954,A
106955,A
106956,A
106957,D
106958,C
106959,B
106960,C
106961,B
106962,A
106963,B
106964,D
106965,C
106966,C
106967,A
106968,A
106969,D
106970,A
106971,B
106972,C
106973,B
106974,D
106975,A
106976,B
106977,B
106978,B
106979,A
106980,A
106981,C
106982,B
106983,A
106984,C
106985,B
106986,D
106987,C
106988,D
106989,A
106990,C
106991,C
106992,C
106993,A
106994,A
106995,C
106996,A
106997,B
106998,C
106999,B
107000,D
107001,C
107002,D
107003,D
107004,B
107005,D
107006,A
107007,D
107008,D
107009,A
107010,A
107011,D
107012,A
107013,B
107014,D
107015,D
107016,D
107017,B
107018,D
107019,C
107020,A
107021,B
107022,B
107023,C
107024,D
107025,C
107026,B
107027,B
107028,B
107029,B
107030,D
107031,B
107032,D
107033,A
107034,B
107035,C
107036,B
107037,B
107038,A
107039,D
107040,D
107041,B
107042,B
107043,A
107044,A
107045,D
107046,B
107047,A
107048,C
107049,A
107050,B
107051,B
107052,A
107053,A
107054,B
107055,D
107056,B
107057,B
107058,B
107059,B
107060,A
107061,C
107062,A
107063,A
107064,D
107065,A
107066,B
107067,D
107068,A
107069,D
107070,D
107071,C
107072,C
107073,D
107074,A
107075,D
107076,A
107077,B
107078,A
107079,A
107080,D
107081,B
107082,D
107083,B
107084,B
107085,B
107086,A
107087,D
107088,B
107089,B
107090,A
107091,D
107092,D
107093,C
107094,D
107095,C
107096,A
107097,A
107098,B
107099,A
107100,C
107101,B
107102,D
107103,B
107104,C
107105,D
107106,D
107107,B
107108,C
107109,C
107110,C
107111,C
107112,B
107113,B
107114,A
107115,A
107116,B
107117,D
107118,D
107119,A
107120,B
107121,B
107122,C
107123,C
107124,C
107125,B
107126,C
107127,A
107128,D
107129,D
107130,A
107131,A
107132,C
107133,B
107134,A
107135,C
107136,B
107137,B
107138,D
107139,C
107140,A
107141,C
107142,A
107143,A
107144,B
107145,D
107146,C
107147,B
107148,B
107149,A
107150,D
107151,C
107152,C
107153,A
107154,B
107155,C
107156,D
107157,B
107158,C
107159,C
107160,A
107161,D
107162,B
107163,A
107164,C
107165,C
107166,A
107167,A
107168,D
107169,B
107170,C
107171,A
107172,A
107173,B
107174,B
107175,D
107176,B
107177,D
107178,B
107179,C
107180,A
107181,B
107182,A
107183,A
107184,D
107185,A
107186,D
107187,B
107188,C
107189,B
107190,B
107191,A
107192,D
107193,D
107194,A
107195,C
107196,B
107197,D
107198,C
107199,A
107200,A
107201,C
107202,A
107203,A
107204,D
107205,D
107206,A
107207,C
107208,B
107209,B
107210,C
107211,D
107212,C
107213,B
107214,A
107215,D
107216,D
107217,A
107218,C
107219,B
107220,B
107221,A
107222,D
107223,D
107224,D
107225,B
107226,B
107227,A
107228,C
107229,B
107230,D
107231,A
107232,B
107233,D
107234,B
107235,B
107236,D
107237,B
107238,A
107239,A
107240,A
107241,C
107242,B
107243,D
107244,D
107245,B
107246,A
107247,D
107248,A
107249,C
107250,A
107251,B
107252,A
107253,D
107254,A
107255,A
107256,C
107257,A
107258,D
107259,B
107260,C
107261,B
107262,B
107263,D
107264,C
107265,A
107266,C
107267,B
107268,B
107269,A
107270,A
107271,D
107272,A
107273,B
107274,D
107275,A
107276,A
107277,D
107278,D
107279,C
107280,D
107281,B
107282,D
107283,D
107284,A
107285,B
107286,A
107287,A
107288,B
107289,D
107290,A
107291,A
107292,B
107293,D
107294,B
107295,D
107296,C
107297,A
107298,A
107299,C
107300,D
107301,B
107302,A
107303,D
107304,B
107305,C
107306,A
107307,B
107308,A
107309,B
107310,B
107311,A
107312,C
107313,C
107314,D
107315,B
107316,D
107317,B
107318,B
107319,B
107320,C
107321,A
107322,D
107323,D
107324,D
107325,C
107326,C
107327,B
107328,D
107329,A
107330,C
107331,D
107332,A
107333,C
107334,D
107335,D
107336,C
107337,C
107338,C
107339,D
107340,A
107341,A
107342,D
107343,D
107344,D
107345,D
107346,B
107347,A
107348,A
107349,A
107350,B
107351,A
107352,B
107353,B
107354,B
107355,A
107356,D
107357,C
107358,C
107359,B
107360,C
107361,B
107362,B
107363,D
107364,C
107365,D
107366,C
107367,A
107368,C
107369,C
107370,B
107371,D
107372,D
107373,D
107374,B
107375,B
107376,C
107377,B
107378,B
107379,A
107380,C
107381,C
107382,A
107383,D
107384,B
107385,A
107386,A
107387,D
107388,A
107389,B
107390,C
107391,A
107392,B
107393,A
107394,C
107395,B
107396,D
107397,B
107398,B
107399,C
107400,B
107401,A
107402,C
107403,A
107404,B
107405,A
107406,A
107407,D
107408,C
107409,A
107410,C
107411,B
107412,D
107413,B
107414,A
107415,A
107416,C
107417,B
107418,A
107419,A
107420,C
107421,A
107422,A
107423,A
107424,A
107425,A
107426,D
107427,A
107428,D
107429,B
107430,D
107431,B
107432,D
107433,A
107434,D
107435,D
107436,D
107437,B
107438,D
107439,C
107440,C
107441,C
107442,A
107443,C
107444,C
107445,A
107446,A
107447,A
107448,C
107449,A
107450,B
107451,B
107452,A
107453,B
107454,D
107455,A
107456,D
107457,C
107458,C
107459,D
107460,C
107461,B
107462,C
107463,D
107464,B
107465,D
107466,A
107467,D
107468,A
107469,D
107470,C
107471,A
107472,C
107473,B
107474,B
107475,D
107476,A
107477,B
107478,A
107479,A
107480,A
107481,C
107482,C
107483,A
107484,B
107485,A
107486,C
107487,C
107488,A
107489,C
107490,A
107491,B
107492,C
107493,C
107494,D
107495,B
107496,C
107497,B
107498,C
107499,A
107500,D
107501,B
107502,B
107503,B
107504,D
107505,C
107506,C
107507,A
107508,C
107509,C
107510,D
107511,C
107512,C
107513,B
107514,A
107515,A
107516,B
107517,C
107518,D
107519,A
107520,A
107521,D
107522,C
107523,C
107524,B
107525,C
107526,C
107527,A
107528,D
107529,D
107530,C
107531,B
107532,C
107533,D
107534,D
107535,B
107536,D
107537,C
107538,C
107539,A
107540,C
107541,A
107542,C
107543,C
107544,B
107545,B
107546,B
107547,C
107548,A
107549,B
107550,D
107551,D
107552,B
107553,D
107554,B
107555,A
107556,B
107557,A
107558,C
107559,D
107560,B
107561,D
107562,A
107563,C
107564,D
107565,A
107566,B
107567,B
107568,A
107569,C
107570,A
107571,A
107572,A
107573,C
107574,B
107575,D
107576,A
107577,D
107578,B
107579,D
107580,B
107581,B
107582,A
107583,D
107584,C
107585,C
107586,D
107587,D
107588,B
107589,D
107590,C
107591,B
107592,A
107593,C
107594,D
107595,D
107596,C
107597,D
107598,C
107599,B
107600,A
107601,B
107602,B
107603,C
107604,C
107605,C
107606,D
107607,A
107608,C
107609,D
107610,C
107611,A
107612,D
107613,B
107614,A
107615,A
107616,C
107617,C
107618,B
107619,A
107620,D
107621,D
107622,D
107623,C
107624,D
107625,B
107626,C
107627,C
107628,D
107629,B
107630,A
107631,B
107632,C
107633,C
107634,A
107635,A
107636,D
107637,D
107638,D
107639,B
107640,D
107641,C
107642,A
107643,A
107644,B
107645,D
107646,C
107647,C
107648,A
107649,B
107650,C
107651,C
107652,A
107653,C
107654,A
107655,A
107656,D
107657,D
107658,D
107659,A
107660,B
107661,D
107662,C
107663,D
107664,A
107665,A
107666,C
107667,C
107668,D
107669,A
107670,D
107671,A
107672,B
107673,C
107674,C
107675,B
107676,D
107677,C
107678,A
107679,C
107680,B
107681,D
107682,D
107683,C
107684,B
107685,D
107686,B
107687,D
107688,B
107689,B
107690,B
107691,B
107692,C
107693,B
107694,A
107695,D
107696,A
107697,C
107698,B
107699,D
107700,D
107701,B
107702,A
107703,A
107704,B
107705,D
107706,D
107707,A
107708,B
107709,D
107710,B
107711,A
107712,A
107713,A
107714,D
107715,D
107716,A
107717,A
107718,B
107719,C
107720,A
107721,B
107722,B
107723,A
107724,D
107725,C
107726,A
107727,D
107728,C
107729,B
107730,B
107731,A
107732,D
107733,D
107734,C
107735,B
107736,B
107737,B
107738,A
107739,D
107740,B
107741,C
107742,D
107743,C
107744,C
107745,D
107746,A
107747,B
107748,C
107749,A
107750,D
107751,A
107752,C
107753,B
107754,B
107755,A
107756,A
107757,B
107758,C
107759,B
107760,C
107761,D
107762,C
107763,D
107764,B
107765,C
107766,D
107767,B
107768,B
107769,C
107770,A
107771,A
107772,C
107773,C
107774,A
107775,A
107776,C
107777,B
107778,B
107779,A
107780,A
107781,D
107782,C
107783,A
107784,A
107785,B
107786,D
107787,B
107788,C
107789,A
107790,A
107791,C
107792,C
107793,B
107794,A
107795,A
107796,C
107797,C
107798,B
107799,A
107800,C
107801,B
107802,C
107803,A
107804,B
107805,D
107806,B
107807,B
107808,D
107809,B
107810,C
107811,C
107812,D
107813,B
107814,C
107815,B
107816,C
107817,A
107818,A
107819,B
107820,D
107821,D
107822,B
107823,A
107824,B
107825,C
107826,B
107827,C
107828,D
107829,A
107830,B
107831,C
107832,B
107833,A
107834,A
107835,C
107836,B
107837,C
107838,D
107839,D
107840,C
107841,D
107842,D
107843,B
107844,C
107845,B
107846,C
107847,B
107848,C
107849,A
107850,D
107851,C
107852,C
107853,B
107854,C
107855,C
107856,B
107857,B
107858,C
107859,A
107860,C
107861,B
107862,B
107863,C
107864,D
107865,C
107866,C
107867,B
107868,D
107869,D
107870,B
107871,A
107872,B
107873,B
107874,B
107875,C
107876,B
107877,B
107878,D
107879,B
107880,A
107881,B
107882,D
107883,A
107884,B
107885,C
107886,B
107887,C
107888,A
107889,B
107890,C
107891,B
107892,C
107893,C
107894,A
107895,D
107896,D
107897,D
107898,A
107899,A
107900,B
107901,D
107902,D
107903,D
107904,C
107905,B
107906,C
107907,D
107908,D
107909,C
107910,C
107911,C
107912,A
107913,D
107914,D
107915,C
107916,A
107917,A
107918,B
107919,D
107920,D
107921,A
107922,C
107923,B
107924,D
107925,C
107926,A
107927,A
107928,B
107929,C
107930,C
107931,B
107932,B
107933,C
107934,D
107935,B
107936,B
107937,A
107938,A
107939,A
107940,C
107941,D
107942,B
107943,C
107944,C
107945,D
107946,D
107947,D
107948,A
107949,D
107950,C
107951,C
107952,B
107953,D
107954,D
107955,A
107956,B
107957,D
107958,B
107959,C
107960,C
107961,B
107962,C
107963,A
107964,B
107965,B
107966,D
107967,D
107968,C
107969,C
107970,C
107971,C
107972,A
107973,A
107974,B
107975,A
107976,C
107977,C
107978,B
107979,D
107980,D
107981,A
107982,D
107983,A
107984,C
107985,A
107986,D
107987,B
107988,C
107989,B
107990,C
107991,C
107992,A
107993,D
107994,B
107995,A
107996,A
107997,A
107998,C
107999,B
108000,A
108001,D
108002,D
108003,A
108004,B
108005,C
108006,C
108007,C
108008,A
108009,C
108010,D
108011,C
108012,B
108013,B
108014,C
108015,B
108016,A
108017,D
108018,B
108019,C
108020,B
108021,B
108022,D
108023,A
108024,A
108025,B
108026,A
108027,B
108028,D
108029,D
108030,C
108031,D
108032,B
108033,B
108034,A
108035,D
108036,D
108037,C
108038,C
108039,A
108040,C
108041,B
108042,C
108043,C
108044,D
108045,A
108046,D
108047,B
108048,C
108049,C
108050,D
108051,B
108052,A
108053,A
108054,D
108055,D
108056,B
108057,C
108058,B
108059,D
108060,D
108061,C
108062,C
108063,A
108064,D
108065,A
108066,D
108067,A
108068,A
108069,C
108070,A
108071,B
108072,C
108073,A
108074,B
108075,A
108076,B
108077,C
108078,B
108079,C
108080,B
108081,D
108082,B
108083,C
108084,C
108085,A
108086,C
108087,C
108088,A
108089,D
108090,B
108091,B
108092,A
108093,D
108094,A
108095,D
108096,A
108097,C
108098,B
108099,C
108100,D
108101,C
108102,D
108103,D
108104,C
108105,C
108106,C
108107,D
108108,B
108109,B
108110,A
108111,A
108112,D
108113,B
108114,D
108115,C
108116,C
108117,A
108118,D
108119,A
108120,D
108121,D
108122,B
108123,A
108124,A
108125,C
108126,B
108127,C
108128,B
108129,A
108130,C
108131,D
108132,C
108133,A
108134,A
108135,B
108136,D
108137,A
108138,D
108139,D
108140,B
108141,B
108142,B
108143,B
108144,A
108145,D
108146,B
108147,A
108148,A
108149,B
108150,A
108151,B
108152,A
108153,B
108154,C
108155,C
108156,D
108157,B
108158,A
108159,A
108160,C
108161,A
108162,C
108163,C
108164,B
108165,C
108166,C
108167,D
108168,B
108169,A
108170,D
108171,A
108172,A
108173,A
108174,D
108175,B
108176,B
108177,A
108178,C
108179,B
108180,C
108181,A
108182,D
108183,D
108184,A
108185,B
108186,C
108187,A
108188,C
108189,C
108190,D
108191,B
108192,A
108193,D
108194,D
108195,A
108196,D
108197,D
108198,B
108199,D
108200,D
108201,D
108202,A
108203,D
108204,D
108205,B
108206,B
108207,C
108208,D
108209,D
108210,D
108211,D
108212,B
108213,C
108214,D
108215,B
108216,C
108217,D
108218,C
108219,D
108220,B
108221,C
108222,A
108223,B
108224,D
108225,B
108226,C
108227,A
108228,D
108229,D
108230,D
108231,D
108232,C
108233,A
108234,D
108235,D
108236,C
108237,C
108238,B
108239,D
108240,B
108241,B
108242,C
108243,C
108244,B
108245,A
108246,B
108247,C
108248,A
108249,B
108250,D
108251,C
108252,B
108253,A
108254,C
108255,B
108256,C
108257,B
108258,D
108259,B
108260,D
108261,D
108262,D
108263,A
108264,B
108265,D
108266,D
108267,C
108268,D
108269,B
108270,A
108271,D
108272,D
108273,C
108274,D
108275,C
108276,D
108277,C
108278,B
108279,D
108280,A
108281,C
108282,D
108283,A
108284,A
108285,B
108286,B
108287,B
108288,B
108289,A
108290,B
108291,A
108292,C
108293,C
108294,A
108295,A
108296,C
108297,A
108298,B
108299,C
108300,B
108301,B
108302,C
108303,A
108304,B
108305,C
108306,C
108307,B
108308,D
108309,A
108310,D
108311,B
108312,A
108313,A
108314,D
108315,C
108316,B
108317,B
108318,D
108319,D
108320,D
108321,B
108322,D
108323,B
108324,D
108325,C
108326,D
108327,B
108328,B
108329,B
108330,A
108331,D
108332,B
108333,B
108334,D
108335,D
108336,C
108337,B
108338,D
108339,D
108340,B
108341,A
108342,D
108343,C
108344,B
108345,A
108346,D
108347,A
108348,A
108349,B
108350,B
108351,A
108352,B
108353,C
108354,D
108355,D
108356,C
108357,A
108358,D
108359,B
108360,C
108361,C
108362,A
108363,A
108364,B
108365,B
108366,D
108367,C
108368,C
108369,C
108370,B
108371,A
108372,A
108373,A
108374,C
108375,B
108376,C
108377,B
108378,D
108379,A
108380,A
108381,D
108382,C
108383,D
108384,B
108385,C
108386,C
108387,A
108388,B
108389,A
108390,C
108391,B
108392,A
108393,D
108394,B
108395,A
108396,D
108397,A
108398,D
108399,C
108400,D
108401,A
108402,A
108403,D
108404,B
108405,D
108406,D
108407,A
108408,B
108409,D
108410,C
108411,D
108412,C
108413,C
108414,B
108415,B
108416,C
108417,A
108418,C
108419,A
108420,B
108421,C
108422,B
108423,A
108424,A
108425,A
108426,B
108427,D
108428,D
108429,B
108430,C
108431,B
108432,A
108433,B
108434,C
108435,D
108436,B
108437,D
108438,D
108439,B
108440,C
108441,B
108442,C
108443,C
108444,B
108445,D
108446,C
108447,C
108448,A
108449,B
108450,D
108451,C
108452,C
108453,C
108454,A
108455,A
108456,B
108457,B
108458,D
108459,D
108460,A
108461,A
108462,B
108463,B
108464,A
108465,A
108466,D
108467,C
108468,B
108469,D
108470,A
108471,C
108472,B
108473,D
108474,C
108475,D
108476,A
108477,A
108478,A
108479,A
108480,B
108481,C
108482,D
108483,B
108484,A
108485,C
108486,B
108487,D
108488,C
108489,B
108490,D
108491,A
108492,A
108493,C
108494,B
108495,C
108496,A
108497,B
108498,A
108499,C
108500,C
108501,D
108502,D
108503,B
108504,C
108505,B
108506,A
108507,B
108508,A
108509,C
108510,D
108511,A
108512,D
108513,B
108514,A
108515,C
108516,B
108517,D
108518,C
108519,A
108520,B
108521,B
108522,C
108523,B
108524,A
108525,D
108526,C
108527,D
108528,A
108529,D
108530,C
108531,D
108532,C
108533,C
108534,D
108535,C
108536,A
108537,C
108538,A
108539,C
108540,D
108541,A
108542,B
108543,D
108544,B
108545,D
108546,B
108547,D
108548,C
108549,A
108550,A
108551,D
108552,B
108553,C
108554,B
108555,A
108556,D
108557,D
108558,A
108559,B
108560,B
108561,B
108562,B
108563,C
108564,B
108565,C
108566,A
108567,A
108568,B
108569,B
108570,B
108571,B
108572,C
108573,A
108574,C
108575,C
108576,B
108577,D
108578,D
108579,D
108580,D
108581,B
108582,B
108583,D
108584,A
108585,D
108586,A
108587,B
108588,B
108589,C
108590,C
108591,D
108592,B
108593,C
108594,A
108595,C
108596,C
108597,A
108598,C
108599,A
108600,C
108601,D
108602,A
108603,B
108604,C
108605,C
108606,A
108607,C
108608,D
108609,B
108610,A
108611,B
108612,B
108613,B
108614,A
108615,C
108616,D
108617,A
108618,D
108619,A
108620,A
108621,B
108622,B
108623,D
108624,C
108625,C
108626,A
108627,B
108628,A
108629,B
108630,A
108631,A
108632,A
108633,C
108634,A
108635,D
108636,C
108637,B
108638,A
108639,D
108640,A
108641,B
108642,B
108643,C
108644,D
108645,B
108646,B
108647,B
108648,C
108649,A
108650,B
108651,B
108652,A
108653,D
108654,B
108655,A
108656,C
108657,C
108658,B
108659,C
108660,B
108661,B
108662,D
108663,A
108664,A
108665,A
108666,D
108667,B
108668,C
108669,B
108670,D
108671,B
108672,A
108673,C
108674,D
108675,A
108676,B
108677,A
108678,B
108679,A
108680,C
108681,D
108682,D
108683,D
108684,A
108685,C
108686,C
108687,A
108688,A
108689,D
108690,A
108691,D
108692,A
108693,D
108694,B
108695,C
108696,C
108697,A
108698,C
108699,B
108700,D
108701,A
108702,A
108703,B
108704,D
108705,D
108706,A
108707,C
108708,B
108709,B
108710,C
108711,C
108712,D
108713,C
108714,C
108715,C
108716,A
108717,D
108718,B
108719,A
108720,C
108721,B
108722,B
108723,D
108724,C
108725,B
108726,C
108727,C
108728,C
108729,A
108730,C
108731,D
108732,A
108733,A
108734,D
108735,D
108736,A
108737,B
108738,B
108739,B
108740,B
108741,C
108742,C
108743,C
108744,A
108745,D
108746,D
108747,D
108748,A
108749,C
108750,D
108751,C
108752,B
108753,B
108754,C
108755,A
108756,A
108757,A
108758,A
108759,C
108760,B
108761,B
108762,C
108763,A
108764,C
108765,B
108766,C
108767,B
108768,C
108769,D
108770,A
108771,B
108772,C
108773,B
108774,D
108775,B
108776,D
108777,C
108778,D
108779,A
108780,B
108781,A
108782,B
108783,A
108784,C
108785,D
108786,C
108787,C
108788,D
108789,C
108790,C
108791,B
108792,D
108793,C
108794,B
108795,B
108796,B
108797,C
108798,D
108799,B
108800,C
108801,C
108802,B
108803,A
108804,C
108805,B
108806,D
108807,A
108808,B
108809,C
108810,C
108811,B
108812,D
108813,C
108814,D
108815,C
108816,D
108817,D
108818,A
108819,A
108820,C
108821,C
108822,A
108823,D
108824,B
108825,B
108826,A
108827,D
108828,C
108829,B
108830,A
108831,A
108832,B
108833,D
108834,C
108835,D
108836,D
108837,B
108838,D
108839,B
108840,A
108841,D
108842,D
108843,C
108844,C
108845,C
108846,D
108847,A
108848,A
108849,D
108850,B
108851,C
108852,C
108853,D
108854,B
108855,B
108856,D
108857,B
108858,D
108859,B
108860,B
108861,C
108862,A
108863,D
108864,D
108865,C
108866,A
108867,A
108868,B
108869,C
108870,B
108871,B
108872,D
108873,D
108874,A
108875,A
108876,A
108877,A
108878,B
108879,B
108880,C
108881,A
108882,A
108883,B
108884,A
108885,C
108886,B
108887,D
108888,C
108889,A
108890,B
108891,B
108892,A
108893,D
108894,C
108895,A
108896,B
108897,D
108898,A
108899,A
108900,A
108901,C
108902,B
108903,C
108904,C
108905,C
108906,C
108907,D
108908,D
108909,B
108910,D
108911,C
108912,A
108913,C
108914,A
108915,D
108916,C
108917,D
108918,A
108919,B
108920,D
108921,D
108922,C
108923,D
108924,C
108925,D
108926,C
108927,C
108928,B
108929,C
108930,A
108931,B
108932,A
108933,A
108934,D
108935,B
108936,A
108937,B
108938,B
108939,B
108940,A
108941,B
108942,A
108943,A
108944,A
108945,D
108946,B
108947,B
108948,A
108949,A
108950,A
108951,B
108952,D
108953,D
108954,B
108955,D
108956,A
108957,D
108958,D
108959,C
108960,C
108961,D
108962,A
108963,A
108964,B
108965,C
108966,B
108967,B
108968,D
108969,C
108970,D
108971,A
108972,C
108973,B
108974,C
108975,B
108976,D
108977,D
108978,D
108979,D
108980,B
108981,C
108982,B
108983,A
108984,D
108985,C
108986,D
108987,D
108988,B
108989,D
108990,D
108991,B
108992,A
108993,B
108994,B
108995,A
108996,C
108997,B
108998,B
108999,D
109000,D
109001,C
109002,C
109003,A
109004,B
109005,D
109006,C
109007,C
109008,B
109009,A
109010,B
109011,C
109012,C
109013,B
109014,C
109015,C
109016,A
109017,A
109018,B
109019,B
109020,A
109021,B
109022,C
109023,D
109024,D
109025,B
109026,C
109027,D
109028,C
109029,C
109030,D
109031,D
109032,D
109033,C
109034,A
109035,D
109036,D
109037,D
109038,A
109039,D
109040,B
109041,B
109042,D
109043,A
109044,D
109045,A
109046,D
109047,A
109048,B
109049,B
109050,A
109051,B
109052,C
109053,B
109054,C
109055,B
109056,D
109057,A
109058,A
109059,D
109060,B
109061,B
109062,C
109063,B
109064,B
109065,C
109066,A
109067,D
109068,D
109069,B
109070,D
109071,B
109072,D
109073,D
109074,C
109075,A
109076,C
109077,B
109078,A
109079,C
109080,C
109081,A
109082,D
109083,A
109084,C
109085,C
109086,B
109087,B
109088,B
109089,B
109090,D
109091,A
109092,C
109093,B
109094,B
109095,A
109096,C
109097,B
109098,C
109099,B
109100,D
109101,A
109102,D
109103,B
109104,D
109105,B
109106,D
109107,C
109108,D
109109,D
109110,B
109111,A
109112,C
109113,A
109114,C
109115,D
109116,B
109117,C
109118,B
109119,B
109120,C
109121,C
109122,A
109123,B
109124,A
109125,B
109126,B
109127,B
109128,C
109129,C
109130,B
109131,A
109132,B
109133,B
109134,D
109135,A
109136,B
109137,A
109138,A
109139,B
109140,B
109141,D
109142,B
109143,D
109144,D
109145,D
109146,D
109147,A
109148,C
109149,A
109150,A
109151,C
109152,C
109153,D
109154,D
109155,D
109156,A
109157,B
109158,D
109159,B
109160,D
109161,A
109162,B
109163,D
109164,D
109165,D
109166,C
109167,A
109168,C
109169,B
109170,D
109171,C
109172,C
109173,C
109174,D
109175,B
109176,D
109177,D
109178,D
109179,C
109180,B
109181,B
109182,B
109183,B
109184,C
109185,A
109186,B
109187,D
109188,D
109189,B
109190,D
109191,A
109192,B
109193,B
109194,D
109195,B
109196,A
109197,C
109198,B
109199,C
109200,C
109201,C
109202,D
109203,C
109204,C
109205,A
109206,C
109207,D
109208,C
109209,B
109210,D
109211,A
109212,C
109213,A
109214,D
109215,A
109216,D
109217,B
109218,D
109219,C
109220,D
109221,C
109222,C
109223,D
109224,B
109225,B
109226,D
109227,A
109228,B
109229,A
109230,D
109231,B
109232,C
109233,D
109234,D
109235,A
109236,C
109237,A
109238,A
109239,A
109240,C
109241,A
109242,B
109243,B
109244,A
109245,B
109246,A
109247,D
109248,B
109249,A
109250,D
109251,D
109252,D
109253,A
109254,A
109255,D
109256,C
109257,C
109258,B
109259,D
109260,D
109261,B
109262,A
109263,A
109264,C
109265,B
109266,D
109267,A
109268,C
109269,A
109270,C
109271,B
109272,D
109273,D
109274,D
109275,C
109276,B
109277,D
109278,B
109279,A
109280,B
109281,A
109282,C
109283,B
109284,A
109285,A
109286,A
109287,D
109288,D
109289,A
109290,D
109291,A
109292,D
109293,A
109294,B
109295,D
109296,C
109297,B
109298,D
109299,A
109300,A
109301,D
109302,A
109303,A
109304,D
109305,B
109306,B
109307,A
109308,B
109309,C
109310,D
109311,B
109312,A
109313,C
109314,A
109315,A
109316,D
109317,D
109318,A
109319,B
109320,A
109321,D
109322,D
109323,B
109324,A
109325,B
109326,A
109327,B
109328,D
109329,C
109330,B
109331,D
109332,C
109333,B
109334,C
109335,B
109336,C
109337,B
109338,B
109339,C
109340,A
109341,C
109342,B
109343,D
109344,C
109345,A
109346,A
109347,C
109348,B
109349,C
109350,C
109351,C
109352,B
109353,D
109354,A
109355,A
109356,B
109357,B
109358,C
109359,B
109360,D
109361,B
109362,C
109363,C
109364,D
109365,B
109366,A
109367,C
109368,C
109369,A
109370,A
109371,A
109372,C
109373,B
109374,C
109375,B
109376,A
109377,D
109378,C
109379,C
109380,B
109381,D
109382,B
109383,B
109384,D
109385,C
109386,B
109387,B
109388,D
109389,A
109390,C
109391,C
109392,C
109393,D
109394,D
109395,A
109396,C
109397,A
109398,A
109399,D
109400,A
109401,B
109402,A
109403,C
109404,B
109405,D
109406,A
109407,C
109408,C
109409,D
109410,D
109411,D
109412,A
109413,D
109414,D
109415,B
109416,C
109417,D
109418,C
109419,A
109420,C
109421,A
109422,B
109423,B
109424,A
109425,C
109426,B
109427,C
109428,A
109429,B
109430,A
109431,C
109432,A
109433,D
109434,D
109435,C
109436,B
109437,B
109438,C
109439,C
109440,A
109441,A
109442,D
109443,D
109444,B
109445,B
109446,C
109447,D
109448,C
109449,A
109450,A
109451,B
109452,B
109453,C
109454,A
109455,B
109456,A
109457,B
109458,B
109459,C
109460,C
109461,A
109462,D
109463,B
109464,C
109465,B
109466,A
109467,D
109468,A
109469,A
109470,A
109471,C
109472,C
109473,C
109474,A
109475,B
109476,C
109477,C
109478,B
109479,C
109480,B
109481,D
109482,C
109483,C
109484,A
109485,A
109486,C
109487,B
109488,D
109489,D
109490,A
109491,B
109492,D
109493,B
109494,B
109495,A
109496,D
109497,A
109498,B
109499,B
109500,C
109501,C
109502,C
109503,A
109504,D
109505,D
109506,A
109507,A
109508,A
109509,D
109510,B
109511,C
109512,C
109513,A
109514,A
109515,A
109516,C
109517,C
109518,A
109519,D
109520,D
109521,C
109522,D
109523,A
109524,A
109525,C
109526,D
109527,D
109528,C
109529,C
109530,D
109531,B
109532,D
109533,A
109534,B
109535,D
109536,A
109537,D
109538,B
109539,C
109540,D
109541,D
109542,A
109543,A
109544,B
109545,D
109546,C
109547,B
109548,C
109549,C
109550,C
109551,C
109552,B
109553,A
109554,D
109555,C
109556,C
109557,B
109558,B
109559,C
109560,A
109561,A
109562,C
109563,A
109564,D
109565,A
109566,D
109567,A
109568,B
109569,D
109570,B
109571,C
109572,A
109573,C
109574,A
109575,A
109576,A
109577,C
109578,C
109579,D
109580,A
109581,A
109582,C
109583,A
109584,D
109585,D
109586,A
109587,C
109588,C
109589,C
109590,A
109591,B
109592,B
109593,C
109594,A
109595,A
109596,B
109597,A
109598,D
109599,B
109600,D
109601,C
109602,A
109603,D
109604,A
109605,C
109606,C
109607,A
109608,A
109609,A
109610,C
109611,C
109612,B
109613,D
109614,C
109615,C
109616,D
109617,B
109618,A
109619,B
109620,B
109621,D
109622,B
109623,A
109624,B
109625,D
109626,D
109627,C
109628,D
109629,D
109630,C
109631,B
109632,C
109633,D
109634,B
109635,C
109636,B
109637,D
109638,A
109639,B
109640,B
109641,D
109642,D
109643,C
109644,D
109645,B
109646,A
109647,B
109648,B
109649,A
109650,D
109651,D
109652,D
109653,A
109654,D
109655,C
109656,A
109657,C
109658,A
109659,C
109660,C
109661,C
109662,A
109663,B
109664,C
109665,A
109666,B
109667,D
109668,B
109669,C
109670,A
109671,A
109672,B
109673,D
109674,D
109675,D
109676,C
109677,C
109678,D
109679,D
109680,B
109681,D
109682,D
109683,C
109684,C
109685,C
109686,A
109687,C
109688,C
109689,D
109690,D
109691,B
109692,C
109693,D
109694,D
109695,B
109696,C
109697,D
109698,D
109699,D
109700,B
109701,C
109702,C
109703,A
109704,B
109705,A
109706,C
109707,A
109708,B
109709,D
109710,B
109711,A
109712,C
109713,A
109714,D
109715,B
109716,C
109717,B
109718,A
109719,D
109720,A
109721,B
109722,A
109723,A
109724,D
109725,C
109726,A
109727,C
109728,D
109729,A
109730,A
109731,B
109732,B
109733,B
109734,A
109735,D
109736,D
109737,C
109738,C
109739,D
109740,D
109741,D
109742,D
109743,C
109744,C
109745,D
109746,D
109747,C
109748,D
109749,A
109750,D
109751,D
109752,A
109753,C
109754,D
109755,A
109756,A
109757,D
109758,C
109759,D
109760,B
109761,B
109762,A
109763,D
109764,D
109765,B
109766,C
109767,B
109768,B
109769,C
109770,D
109771,B
109772,D
109773,C
109774,A
109775,D
109776,A
109777,D
109778,C
109779,D
109780,D
109781,C
109782,A
109783,C
109784,C
109785,C
109786,C
109787,C
109788,D
109789,B
109790,D
109791,B
109792,B
109793,D
109794,D
109795,C
109796,A
109797,D
109798,B
109799,A
109800,B
109801,B
109802,C
109803,D
109804,C
109805,C
109806,B
109807,C
109808,B
109809,D
109810,D
109811,A
109812,C
109813,D
109814,D
109815,C
109816,B
109817,B
109818,C
109819,B
109820,A
109821,A
109822,D
109823,C
109824,A
109825,A
109826,D
109827,B
109828,C
109829,C
109830,D
109831,D
109832,D
109833,D
109834,B
109835,D
109836,C
109837,B
109838,C
109839,D
109840,D
109841,D
109842,C
109843,D
109844,B
109845,D
109846,C
109847,B
109848,A
109849,A
109850,D
109851,D
109852,D
109853,D
109854,B
109855,B
109856,D
109857,D
109858,A
109859,A
109860,D
109861,D
109862,C
109863,D
109864,A
109865,B
109866,A
109867,D
109868,D
109869,D
109870,C
109871,D
109872,D
109873,A
109874,A
109875,B
109876,B
109877,C
109878,A
109879,B
109880,D
109881,D
109882,C
109883,A
109884,C
109885,D
109886,D
109887,B
109888,B
109889,C
109890,C
109891,B
109892,A
109893,C
109894,A
109895,B
109896,C
109897,C
109898,D
109899,A
109900,B
109901,A
109902,A
109903,A
109904,A
109905,B
109906,A
109907,A
109908,B
109909,D
109910,A
109911,A
109912,B
109913,C
109914,A
109915,A
109916,B
109917,D
109918,D
109919,A
109920,B
109921,B
109922,B
109923,C
109924,B
109925,A
109926,C
109927,A
109928,A
109929,B
109930,B
109931,A
109932,D
109933,B
109934,C
109935,B
109936,D
109937,C
109938,A
109939,A
109940,A
109941,D
109942,C
109943,A
109944,C
109945,A
109946,C
109947,A
109948,A
109949,C
109950,B
109951,C
109952,A
109953,A
109954,C
109955,D
109956,D
109957,B
109958,D
109959,C
109960,D
109961,B
109962,B
109963,C
109964,B
109965,A
109966,B
109967,B
109968,D
109969,B
109970,D
109971,B
109972,A
109973,A
109974,A
109975,A
109976,D
109977,A
109978,B
109979,C
109980,B
109981,B
109982,C
109983,A
109984,A
109985,A
109986,C
109987,A
109988,B
109989,D
109990,A
109991,D
109992,A
109993,A
109994,D
109995,A
109996,C
109997,A
109998,A
109999,D
110000,C
110001,C
110002,C
110003,B
110004,C
110005,C
110006,B
110007,A
110008,C
110009,A
110010,D
110011,B
110012,A
110013,C
110014,A
110015,B
110016,C
110017,D
110018,A
110019,A
110020,B
110021,A
110022,A
110023,C
110024,B
110025,D
110026,A
110027,D
110028,C
110029,A
110030,B
110031,D
110032,A
110033,D
110034,B
110035,C
110036,D
110037,B
110038,C
110039,B
110040,A
110041,A
110042,C
110043,B
110044,A
110045,B
110046,A
110047,C
110048,A
110049,C
110050,B
110051,A
110052,A
110053,A
110054,C
110055,D
110056,B
110057,A
110058,C
110059,D
110060,B
110061,B
110062,B
110063,D
110064,A
110065,C
110066,B
110067,A
110068,D
110069,A
110070,B
110071,B
110072,A
110073,C
110074,B
110075,B
110076,D
110077,B
110078,C
110079,C
110080,D
110081,D
110082,B
110083,C
110084,D
110085,B
110086,A
110087,A
110088,A
110089,C
110090,D
110091,B
110092,A
110093,D
110094,D
110095,B
110096,A
110097,B
110098,C
110099,D
110100,C
110101,C
110102,A
110103,B
110104,B
110105,B
110106,C
110107,D
110108,B
110109,B
110110,C
110111,D
110112,D
110113,B
110114,A
110115,D
110116,B
110117,A
110118,D
110119,C
110120,B
110121,C
110122,A
110123,B
110124,A
110125,D
110126,C
110127,B
110128,B
110129,C
110130,C
110131,C
110132,C
110133,A
110134,C
110135,D
110136,D
110137,A
110138,A
110139,B
110140,C
110141,C
110142,B
110143,B
110144,C
110145,D
110146,A
110147,D
110148,B
110149,C
110150,A
110151,B
110152,A
110153,C
110154,A
110155,D
110156,A
110157,A
110158,B
110159,C
110160,C
110161,B
110162,A
110163,C
110164,D
110165,D
110166,B
110167,A
110168,B
110169,A
110170,C
110171,B
110172,C
110173,C
110174,C
110175,C
110176,C
110177,A
110178,C
110179,C
110180,C
110181,C
110182,C
110183,D
110184,A
110185,A
110186,C
110187,B
110188,C
110189,D
110190,B
110191,C
110192,A
110193,C
110194,C
110195,B
110196,C
110197,D
110198,C
110199,A
110200,C
110201,B
110202,C
110203,D
110204,D
110205,A
110206,B
110207,D
110208,C
110209,B
110210,C
110211,A
110212,C
110213,C
110214,D
110215,D
110216,D
110217,C
110218,D
110219,D
110220,B
110221,B
110222,A
110223,A
110224,D
110225,C
110226,D
110227,D
110228,A
110229,C
110230,C
110231,A
110232,A
110233,C
110234,B
110235,B
110236,D
110237,B
110238,C
110239,C
110240,C
110241,A
110242,D
110243,A
110244,B
110245,A
110246,D
110247,B
110248,A
110249,B
110250,D
110251,B
110252,B
110253,A
110254,A
110255,D
110256,C
110257,A
110258,D
110259,A
110260,A
110261,D
110262,A
110263,C
110264,D
110265,B
110266,D
110267,C
110268,B
110269,A
110270,C
110271,A
110272,D
110273,D
110274,A
110275,A
110276,D
110277,C
110278,B
110279,A
110280,A
110281,B
110282,A
110283,A
110284,D
110285,B
110286,B
110287,B
110288,A
110289,B
110290,B
110291,D
110292,C
110293,D
110294,A
110295,A
110296,D
110297,C
110298,B
110299,B
110300,C
110301,C
110302,C
110303,B
110304,C
110305,D
110306,D
110307,C
110308,D
110309,A
110310,D
110311,A
110312,B
110313,D
110314,B
110315,C
110316,A
110317,B
110318,D
110319,A
110320,D
110321,D
110322,A
110323,D
110324,A
110325,D
110326,B
110327,D
110328,B
110329,A
110330,A
110331,D
110332,C
110333,C
110334,B
110335,B
110336,C
110337,B
110338,B
110339,A
110340,A
110341,A
110342,B
110343,C
110344,A
110345,A
110346,C
110347,C
110348,B
110349,A
110350,D
110351,B
110352,B
110353,C
110354,A
110355,B
110356,C
110357,A
110358,C
110359,D
110360,A
110361,B
110362,B
110363,A
110364,C
110365,D
110366,C
110367,B
110368,A
110369,A
110370,A
110371,B
110372,D
110373,A
110374,A
110375,B
110376,B
110377,A
110378,D
110379,D
110380,D
110381,C
110382,D
110383,B
110384,C
110385,D
110386,A
110387,B
110388,B
110389,C
110390,D
110391,A
110392,C
110393,B
110394,A
110395,D
110396,D
110397,A
110398,B
110399,D
110400,A
110401,A
110402,C
110403,B
110404,A
110405,B
110406,A
110407,D
110408,B
110409,D
110410,C
110411,B
110412,D
110413,B
110414,C
110415,B
110416,B
110417,A
110418,D
110419,A
110420,B
110421,C
110422,B
110423,C
110424,C
110425,D
110426,C
110427,A
110428,D
110429,B
110430,C
110431,C
110432,B
110433,C
110434,A
110435,C
110436,D
110437,D
110438,B
110439,A
110440,A
110441,B
110442,D
110443,D
110444,A
110445,A
110446,D
110447,B
110448,D
110449,D
110450,C
110451,D
110452,C
110453,B
110454,A
110455,D
110456,A
110457,C
110458,C
110459,D
110460,D
110461,C
110462,A
110463,B
110464,D
110465,D
110466,D
110467,B
110468,D
110469,A
110470,C
110471,A
110472,B
110473,A
110474,B
110475,A
110476,D
110477,D
110478,A
110479,A
110480,D
110481,A
110482,C
110483,A
110484,A
110485,C
110486,D
110487,A
110488,B
110489,A
110490,A
110491,C
110492,C
110493,B
110494,D
110495,A
110496,A
110497,B
110498,C
110499,B
110500,B
110501,D
110502,D
110503,A
110504,C
110505,C
110506,C
110507,C
110508,B
110509,D
110510,D
110511,D
110512,A
110513,B
110514,D
110515,C
110516,C
110517,C
110518,A
110519,B
110520,C
110521,C
110522,D
110523,D
110524,B
110525,A
110526,D
110527,A
110528,D
110529,C
110530,D
110531,B
110532,B
110533,D
110534,A
110535,C
110536,C
110537,C
110538,D
110539,B
110540,D
110541,A
110542,A
110543,A
110544,B
110545,B
110546,C
110547,B
110548,A
110549,D
110550,D
110551,D
110552,D
110553,B
110554,A
110555,B
110556,B
110557,D
110558,B
110559,B
110560,B
110561,C
110562,C
110563,B
110564,A
110565,A
110566,D
110567,C
110568,D
110569,D
110570,B
110571,B
110572,A
110573,C
110574,C
110575,D
110576,B
110577,B
110578,D
110579,C
110580,A
110581,D
110582,B
110583,B
110584,A
110585,C
110586,A
110587,C
110588,A
110589,B
110590,D
110591,A
110592,B
110593,B
110594,B
110595,D
110596,A
110597,B
110598,C
110599,A
110600,B
110601,A
110602,B
110603,D
110604,A
110605,A
110606,C
110607,B
110608,A
110609,D
110610,C
110611,D
110612,B
110613,B
110614,A
110615,B
110616,B
110617,A
110618,A
110619,A
110620,A
110621,D
110622,D
110623,D
110624,B
110625,D
110626,D
110627,D
110628,C
110629,A
110630,A
110631,D
110632,B
